{
    "TEST_ITEM": 1780622171.3694727,
    "ENCHANTED_NETHER_STALK": 1781066634.257237,
    "WHALE_BAIT": 1781225740.4949632,
    "ENCHANTED_MOONFLOWER": 1780887464.2569282,
    "ENCHANTED_WILD_ROSE": 1780690341.6336946,
    "ENCHANTED_HARD_STONE": 1780689733.9416862,
    "INK_SACK": 1780690342.1426554,
    "ENCHANTED_EMERALD": 1780681194.1309927,
    "ESSENCE_GOLD": 1780623522.1897929,
    "PLANT_MATTER": 1781172445.6998508,
    "DERELICT_ASHE": 1780690038.0292087,
    "ENCHANTED_DARK_OAK_LOG": 1780688819.2914064,
    "ENCHANTED_EYE_OF_ENDER": 1780689734.8059313,
    "ENCHANTED_RABBIT": 1780623523.7872481,
    "ENCHANTED_CARROT": 1780740972.9402752,
    "ESSENCE_SPIDER": 1780886851.2400699,
    "ENCHANTED_SEEDS": 1780774000.4859607,
    "ENCHANTED_SUGAR": 1780670532.032215,
    "ENCHANTED_CACTUS_GREEN": 1780766048.9962146,
    "ENCHANTED_SUNFLOWER": 1780871490.912673,
    "LOTUS_SILVER": 1780886849.0842624,
    "RED_MUSHROOM": 1780886847.9142385,
    "CACTUS": 1780886850.444073,
    "SEEDS": 1780861949.8562768,
    "ENDER_PEARL": 1780886846.9816523,
    "WHITE_GIFT": 1780691258.2696347,
    "HOT_BAIT": 1780886852.0913043,
    "BROWN_MUSHROOM": 1780886847.6079261,
    "PACKED_ICE": 1780792074.8511083,
    "SUGAR_CANE": 1780886849.3900268,
    "BONE": 1780765133.760709,
    "IRON_INGOT": 1780870872.7171233,
    "GLACITE": 1780879467.1381102,
    "STRING": 1780775835.230546,
    "INK_SACK:4": 1780860716.0375774,
    "ROUGH_RUBY_GEM": 1780863491.2929482,
    "QUARTZ": 1780839851.911335,
    "CARROT_ITEM": 1780886848.2828774,
    "MANGROVE_LOG": 1780772167.811508,
    "ROUGH_JADE_GEM": 1780886850.8215094,
    "ROUGH_CITRINE_GEM": 1780866574.4979486,
    "WHEAT": 1780884991.02843,
    "BLESSED_BAIT": 1780804015.9550974,
    "SUPERBOOM_TNT": 1780658968.6858425,
    "POTATO_ITEM": 1780879463.1186142,
    "GOLD_INGOT": 1780876092.6002727,
    "ROUGH_AQUAMARINE_GEM": 1780871798.5480976,
    "ROUGH_AMBER_GEM": 1780886540.3362768,
    "ENCHANTED_MYCELIUM": 1781165223.726807,
    "ESSENCE_FOSSIL": 1781100940.8311968,
    "ENCHANTED_MELON": 1780779818.4651675,
    "MELON": 1780864724.267688,
    "VERY_CRUDE_GABAGOOL": 1780757169.5782905,
    "LOG": 1780830654.409177,
    "REDSTONE": 1780869334.278911,
    "ENCHANTED_ENDSTONE": 1780696436.5368297,
    "ROUGH_PERIDOT_GEM": 1780886848.7685711,
    "GHAST_TEAR": 1780655918.2023177,
    "ROUGH_SAPPHIRE_GEM": 1780745553.1827486,
    "ENCHANTED_WHEAT": 1780638889.554367,
    "SPOOKY_BAIT": 1780638889.94532,
    "ROUGH_ONYX_GEM": 1780667178.0737717,
    "MAGMA_CREAM": 1780830962.556854,
    "ENCHANTED_TUNGSTEN": 1780653181.7442884,
    "EMERALD": 1780869333.564936,
    "NETHER_STALK": 1780870872.4284513,
    "ROUGH_TOPAZ_GEM": 1780861950.3663034,
    "VINESAP": 1780691258.6780896,
    "FLAWED_JASPER_GEM": 1780672360.9654827,
    "SNOW_BLOCK": 1780731809.6911476,
    "LOTUS": 1780821155.3278692,
    "FIG_LOG": 1780885307.6653416,
    "ESSENCE_DRAGON": 1780888393.3575718,
    "ENCHANTED_CLAY_BALL": 1780676320.295743,
    "MUTTON": 1780684860.6276433,
    "MELON_BLOCK": 1780799722.4906259,
    "ENCHANTED_LAPIS_LAZULI_BLOCK": 1780683028.3293731,
    "FLAWED_OPAL_GEM": 1780886849.822947,
    "LEATHER": 1780808910.146345,
    "ENCHANTED_COBBLESTONE": 1780687296.0318098,
    "CRUDE_GABAGOOL_DISTILLATE": 1780694001.3129504,
    "ROUGH_AMETHYST_GEM": 1780838626.391877,
    "PUMPKIN": 1780773694.8521855,
    "SLIME_BALL": 1780884996.572156,
    "SAND": 1780827896.488021,
    "SOULFLOW": 1780923860.7304344,
    "ENCHANTED_BREAD": 1780878238.304862,
    "HALF_EATEN_MUSHROOM": 1780880700.446294,
    "ESSENCE_CRIMSON": 1781020582.247019,
    "ENCHANTED_FLINT": 1781047854.7560182,
    "LUSHLILAC": 1780734250.185916,
    "OBSIDIAN": 1780885929.2566514,
    "WILD_ROSE": 1780819622.7299807,
    "RAW_CHICKEN": 1780750136.5777352,
    "ENCHANTED_COCOA": 1780877932.0277007,
    "INK_SACK:3": 1780833105.834761,
    "MOONFLOWER": 1780854571.277817,
    "ESSENCE_DIAMOND": 1780865343.6221187,
    "ENCHANTED_PAPER": 1780789932.773384,
    "LOG:3": 1780745860.524583,
    "FLAWED_CITRINE_GEM": 1780886851.6801553,
    "COBBLESTONE": 1780865036.7833962,
    "ENCHANTED_OBSIDIAN": 1780752272.5997672,
    "TWILIGHT_ARROW_POISON": 1780879774.9181018,
    "LOG_2:1": 1780859174.8415082,
    "ENCHANTED_SPIDER_EYE": 1780775528.0028942,
    "ENCHANTED_QUARTZ": 1780774000.8702178,
    "PORK": 1780886850.160102,
    "COAL": 1780886846.2306025,
    "DOUBLE_PLANT": 1780831880.6061268,
    "SULPHUR_ORE": 1780779511.3187776,
    "YELLOW_FLOWER": 1780799727.906877,
    "DIAMOND": 1780828817.8958044,
    "SHARD_CHILL": 1780851199.091403,
    "REVENANT_FLESH": 1780788404.6395266,
    "CRUDE_GABAGOOL": 1780790544.8240924,
    "ENCHANTED_BLAZE_POWDER": 1780887464.610249,
    "GOBLIN_EGG": 1780867494.3812344,
    "JELLY": 1780934743.0341544,
    "ENCHANTED_MITHRIL": 1781220922.8063571,
    "HONEY_JAR": 1780822073.6538239,
    "GOBLIN_EGG_GREEN": 1780835555.5311801,
    "ENCHANTED_FIG_LOG": 1780823912.5400844,
    "SHARD_BEZAL": 1780856104.404807,
    "ROTTEN_FLESH": 1780846901.818879,
    "MAGMA_FISH_SILVER": 1780886846.5681572,
    "ENCHANTED_SAND": 1780848438.9678266,
    "ENCHANTED_RAW_SALMON": 1780853344.6401207,
    "MITHRIL_ORE": 1780841693.573177,
    "RAW_FISH:2": 1780846596.4968936,
    "ENCHANTED_STRING": 1780860717.0018492,
    "FLINT": 1780887158.0913568,
    "ICE": 1780853344.3062468,
    "NULL_SPHERE": 1780879468.105061,
    "FLAWED_AMBER_GEM": 1780869026.675833,
    "ENCHANTED_RAW_CHICKEN": 1780885928.9350796,
    "ENCHANTED_BIRCH_LOG": 1780879465.0840456,
    "WATER_LILY": 1780929722.543809,
    "ORB_OF_ENERGY": 1780877621.0355294,
    "TITANIUM_ORE": 1780871491.8642988,
    "UMBER": 1780871180.0091002,
    "GLOWSTONE_DUST": 1780879464.3870397,
    "RAW_FISH:1": 1780887158.3978765,
    "CARROT_ZEST": 1781224639.1755867,
    "BOTROOT": 1781224988.07113,
    "ENCHANTMENT_FEAST_1": 1781157155.5310402,
    "AGGOURDIAN": 1781168658.0879204,
    "CHILI_PEPPER": 1781224643.453559,
    "CRYSTALIZED_MOONLIGHT": 1781164880.7657363,
    "CANE_KNOT": 1781224632.5969548,
    "SALTED_SUNFLOWER_SEEDS": 1781224636.9008367,
    "ENCHANTMENT_ULTIMATE_SUNSET_1": 1781224988.8940675,
    "FUMING_POTATO_BOOK": 1781139039.571017,
    "JACOBS_TICKET": 1780888127.6085155,
    "ENCHANTED_QUARTZ_BLOCK": 1781220926.1139195,
    "PURPLE_CANDY": 1781213472.654882,
    "BUSTED_BELT_BUCKLE": 1781224641.5249047,
    "HEAVY_PEARL": 1781101661.6844513,
    "STOCK_OF_STONKS": 1781224642.753102,
    "KISMET_FEATHER": 1780888130.5415208,
    "GIANT_FRAGMENT_LASER": 1781169008.4542236,
    "SHARD_HELLWISP": 1781013370.640227,
    "DEEPFRIES": 1781172435.7455823,
    "FROGCOIN": 1781138328.3915997,
    "SHARD_APEX_DRAGON": 1781224638.3447785,
    "ESSENCE_ICE": 1781224636.0171056,
    "FLORAL_GELATIN": 1781224639.9011762,
    "PLASMA": 1781213475.0765407,
    "PRECURSOR_GEAR": 1781009253.0726392,
    "MELON_JUICE": 1781224634.7357664,
    "ALLIGATOR_SKIN": 1781172442.1231306,
    "SHARD_MINER_ZOMBIE": 1781100943.295968,
    "ESSENCE_UNDEAD": 1781224631.9427645,
    "ESSENCE_WITHER": 1780923531.0591657,
    "SHARD_SHINYFISH": 1781224640.6481552,
    "ENCHANTED_SEA_LUMIES": 1781101316.4773548,
    "SORROW": 1781093375.8265357,
    "SHARD_KRAKEN": 1781224633.362667,
    "RUSTY_COIN": 1781213471.2490318,
    "TOXIC_ARROW_POISON": 1780924169.3826742,
    "DESIGNER_COFFEE_BEANS": 1781224635.3536136,
    "ENCHANTED_DIAMOND": 1781077965.421439,
    "HELIANTHUS": 1781149621.8082538,
    "FLEXBONE": 1781224633.994314,
    "CACTUS_FLOWER": 1780934738.7709887,
    "VERMIN_VAPORIZER_GARDEN_CHIP": 1781220915.03462,
    "ENCHANTED_WATER_LILY": 1781168663.4409764,
    "FINE_AMETHYST_GEM": 1781053436.9649155,
    "CORNUCOPIA": 1781097143.9050186,
    "ENCHANTED_GRILLED_PORK": 1781013033.545975,
    "ENCHANTED_COAL": 1780964611.3114214,
    "SHARD_PEST": 1781097142.598096,
    "SUMMONING_EYE": 1781085439.3068538,
    "SUPER_COMPACTOR_3000": 1780968960.473014,
    "SUSPICIOUS_SCRAP": 1781035828.6382546,